,start_sensing_time,stop_sensing_time,datetime_rounded,lat,lon
0,20161014T135100Z,20161014T152958.125000Z,2016-10-14 14:00:00,40.1334,-70.7785
1,20161014T135100Z,20161014T152958.125000Z,2016-10-14 15:00:00,40.1334,-70.7785
2,20161014T235700Z,20161015T013858.125000Z,2016-10-15 00:00:00,40.1334,-70.7785
3,20161014T235700Z,20161015T013858.125000Z,2016-10-15 01:00:00,40.1334,-70.7785
4,20161015T005100Z,20161015T023258.125000Z,2016-10-15 02:00:00,40.1334,-70.7785
5,20161015T150900Z,20161015T165058.125000Z,2016-10-15 15:00:00,40.1334,-70.7785
6,20161015T150900Z,20161015T165058.125000Z,2016-10-15 16:00:00,40.1334,-70.7785
7,20161015T233600Z,20161016T011758.125000Z,2016-10-16 00:00:00,40.1334,-70.7785
8,20161015T233600Z,20161016T011758.125000Z,2016-10-16 01:00:00,40.1334,-70.7785
9,20161016T140300Z,20161016T154158.125000Z,2016-10-16 14:00:00,40.1334,-70.7785
10,20161016T140300Z,20161016T154158.125000Z,2016-10-16 15:00:00,40.1334,-70.7785
11,20161016T144800Z,20161016T162958.125000Z,2016-10-16 16:00:00,40.1334,-70.7785
12,20161017T005700Z,20161017T023858.125000Z,2016-10-17 01:00:00,40.1334,-70.7785
13,20161017T005700Z,20161017T023858.125000Z,2016-10-17 02:00:00,40.1334,-70.7785
14,20161017T234800Z,20161018T012958.125000Z,2016-10-18 00:00:00,40.1334,-70.7785
15,20161017T234800Z,20161018T012958.125000Z,2016-10-18 01:00:00,40.1334,-70.7785
16,20161018T140900Z,20161018T154758.125000Z,2016-10-18 14:00:00,40.1334,-70.7785
17,20161018T140900Z,20161018T154758.125000Z,2016-10-18 15:00:00,40.1334,-70.7785
18,20161018T150300Z,20161018T164158.125000Z,2016-10-18 16:00:00,40.1334,-70.7785
19,20161020T150600Z,20161020T164758.125000Z,2016-10-20 15:00:00,40.1334,-70.7785
20,20161020T150600Z,20161020T164758.125000Z,2016-10-20 16:00:00,40.1334,-70.7785
21,20161021T140000Z,20161021T153858.125000Z,2016-10-21 14:00:00,40.1334,-70.7785
22,20161021T140000Z,20161021T153858.125000Z,2016-10-21 15:00:00,40.1334,-70.7785
23,20161022T005400Z,20161022T023558.125000Z,2016-10-22 01:00:00,40.1334,-70.7785
24,20161022T005400Z,20161022T023558.125000Z,2016-10-22 02:00:00,40.1334,-70.7785
25,20161022T234500Z,20161023T012658.125000Z,2016-10-23 00:00:00,40.1334,-70.7785
26,20161022T234500Z,20161023T012658.125000Z,2016-10-23 01:00:00,40.1334,-70.7785
27,20161023T150000Z,20161023T163858.125000Z,2016-10-23 15:00:00,40.1334,-70.7785
28,20161023T150000Z,20161023T163858.125000Z,2016-10-23 16:00:00,40.1334,-70.7785
29,20161024T234800Z,20161025T013258.125000Z,2016-10-25 00:00:00,40.1334,-70.7785
30,20161024T234800Z,20161025T013258.125000Z,2016-10-25 01:00:00,40.1334,-70.7785
31,20161025T004500Z,20161025T022658.125000Z,2016-10-25 02:00:00,40.1334,-70.7785
32,20161025T141800Z,20161025T155658.125000Z,2016-10-25 15:00:00,40.1334,-70.7785
33,20161025T141800Z,20161025T155658.125000Z,2016-10-25 16:00:00,40.1334,-70.7785
34,20161026T135700Z,20161026T153558.125000Z,2016-10-26 14:00:00,40.1334,-70.7785
35,20161026T135700Z,20161026T153558.125000Z,2016-10-26 15:00:00,40.1334,-70.7785
36,20161027T000300Z,20161027T014458.125000Z,2016-10-27 00:00:00,40.1334,-70.7785
37,20161027T000300Z,20161027T014458.125000Z,2016-10-27 01:00:00,40.1334,-70.7785
38,20161027T004800Z,20161027T023258.125000Z,2016-10-27 02:00:00,40.1334,-70.7785
39,20161027T151500Z,20161027T165658.125000Z,2016-10-27 15:00:00,40.1334,-70.7785
40,20161027T151500Z,20161027T165658.125000Z,2016-10-27 16:00:00,40.1334,-70.7785
41,20161027T151500Z,20161027T165658.125000Z,2016-10-27 17:00:00,40.1334,-70.7785
42,20161028T140000Z,20161028T154158.125000Z,2016-10-28 14:00:00,40.1334,-70.7785
43,20161028T140000Z,20161028T154158.125000Z,2016-10-28 15:00:00,40.1334,-70.7785
44,20161028T145400Z,20161028T163558.125000Z,2016-10-28 16:00:00,40.1334,-70.7785
45,20161029T010300Z,20161029T024458.125000Z,2016-10-29 01:00:00,40.1334,-70.7785
46,20161029T010300Z,20161029T024458.125000Z,2016-10-29 02:00:00,40.1334,-70.7785
47,20161029T234500Z,20161030T012658.125000Z,2016-10-30 00:00:00,40.1334,-70.7785
48,20161029T234500Z,20161030T012658.125000Z,2016-10-30 01:00:00,40.1334,-70.7785
49,20161030T004200Z,20161030T022358.125000Z,2016-10-30 02:00:00,40.1334,-70.7785
50,20161030T141500Z,20161030T155358.125000Z,2016-10-30 14:00:00,40.1334,-70.7785
51,20161030T141500Z,20161030T155358.125000Z,2016-10-30 15:00:00,40.1334,-70.7785
52,20161030T141500Z,20161030T155358.125000Z,2016-10-30 16:00:00,40.1334,-70.7785
53,20161031T135400Z,20161031T153258.125000Z,2016-10-31 14:00:00,40.1334,-70.7785
54,20161031T135400Z,20161031T153258.125000Z,2016-10-31 15:00:00,40.1334,-70.7785
55,20161031T235700Z,20161101T014158.125000Z,2016-11-01 00:00:00,40.1334,-70.7785
56,20161031T235700Z,20161101T014158.125000Z,2016-11-01 01:00:00,40.1334,-70.7785
57,20161101T004500Z,20161101T022958.125000Z,2016-11-01 02:00:00,40.1334,-70.7785
58,20161101T151200Z,20161101T165058.125000Z,2016-11-01 15:00:00,40.1334,-70.7785
59,20161101T151200Z,20161101T165058.125000Z,2016-11-01 16:00:00,40.1334,-70.7785
60,20161101T233600Z,20161102T012058.125000Z,2016-11-02 00:00:00,40.1334,-70.7785
61,20161102T135700Z,20161102T153858.125000Z,2016-11-02 14:00:00,40.1334,-70.7785
62,20161102T135700Z,20161102T153858.125000Z,2016-11-02 15:00:00,40.1334,-70.7785
63,20161102T145100Z,20161102T163258.125000Z,2016-11-02 16:00:00,40.1334,-70.7785
64,20161103T010000Z,20161103T024158.125000Z,2016-11-03 01:00:00,40.1334,-70.7785
65,20161103T010000Z,20161103T024158.125000Z,2016-11-03 02:00:00,40.1334,-70.7785
66,20161103T234200Z,20161104T012358.125000Z,2016-11-04 00:00:00,40.1334,-70.7785
67,20161103T234200Z,20161104T012358.125000Z,2016-11-04 01:00:00,40.1334,-70.7785
68,20161104T003600Z,20161104T022058.125000Z,2016-11-04 02:00:00,40.1334,-70.7785
69,20161104T140900Z,20161104T155058.125000Z,2016-11-04 14:00:00,40.1334,-70.7785
70,20161104T140900Z,20161104T155058.125000Z,2016-11-04 15:00:00,40.1334,-70.7785
71,20161104T145700Z,20161104T163558.125000Z,2016-11-04 16:00:00,40.1334,-70.7785
72,20161105T235400Z,20161106T013858.125000Z,2016-11-06 00:00:00,40.1334,-70.7785
73,20161105T235400Z,20161106T013858.125000Z,2016-11-06 01:00:00,40.1334,-70.7785
74,20161106T004200Z,20161106T022358.125000Z,2016-11-06 02:00:00,40.1334,-70.7785
75,20161106T141500Z,20161106T155358.125000Z,2016-11-06 14:00:00,40.1334,-70.7785
76,20161106T141500Z,20161106T155358.125000Z,2016-11-06 15:00:00,40.1334,-70.7785
77,20161106T141500Z,20161106T155358.125000Z,2016-11-06 16:00:00,40.1334,-70.7785
78,20161107T135400Z,20161107T153258.125000Z,2016-11-07 14:00:00,40.1334,-70.7785
79,20161107T135400Z,20161107T153258.125000Z,2016-11-07 15:00:00,40.1334,-70.7785
80,20161108T005400Z,20161108T023858.125000Z,2016-11-08 02:00:00,40.1334,-70.7785
81,20161108T151500Z,20161108T165358.125000Z,2016-11-08 15:00:00,40.1334,-70.7785
82,20161108T151500Z,20161108T165358.125000Z,2016-11-08 16:00:00,40.1334,-70.7785
83,20161108T151500Z,20161108T165358.125000Z,2016-11-08 17:00:00,40.1334,-70.7785
84,20161108T233900Z,20161109T012058.125000Z,2016-11-09 00:00:00,40.1334,-70.7785
85,20161109T140600Z,20161109T154758.125000Z,2016-11-09 14:00:00,40.1334,-70.7785
86,20161109T140600Z,20161109T154758.125000Z,2016-11-09 15:00:00,40.1334,-70.7785
87,20161109T145400Z,20161109T163258.125000Z,2016-11-09 16:00:00,40.1334,-70.7785
88,20161110T010000Z,20161110T024158.125000Z,2016-11-10 01:00:00,40.1334,-70.7785
89,20161110T010000Z,20161110T024158.125000Z,2016-11-10 02:00:00,40.1334,-70.7785
90,20161110T235100Z,20161111T013258.125000Z,2016-11-11 00:00:00,40.1334,-70.7785
91,20161110T235100Z,20161111T013258.125000Z,2016-11-11 01:00:00,40.1334,-70.7785
92,20161111T003900Z,20161111T022058.125000Z,2016-11-11 02:00:00,40.1334,-70.7785
93,20161111T141200Z,20161111T155058.125000Z,2016-11-11 14:00:00,40.1334,-70.7785
94,20161111T141200Z,20161111T155058.125000Z,2016-11-11 15:00:00,40.1334,-70.7785
95,20161111T150600Z,20161111T164458.125000Z,2016-11-11 16:00:00,40.1334,-70.7785
96,20161112T135100Z,20161112T152958.125000Z,2016-11-12 14:00:00,40.1334,-70.7785
97,20161112T135100Z,20161112T152958.125000Z,2016-11-12 15:00:00,40.1334,-70.7785
98,20161112T235700Z,20161113T013858.125000Z,2016-11-13 00:00:00,40.1334,-70.7785
99,20161112T235700Z,20161113T013858.125000Z,2016-11-13 01:00:00,40.1334,-70.7785
100,20161113T005100Z,20161113T023558.125000Z,2016-11-13 02:00:00,40.1334,-70.7785
101,20161113T150900Z,20161113T165058.125000Z,2016-11-13 15:00:00,40.1334,-70.7785
102,20161113T150900Z,20161113T165058.125000Z,2016-11-13 16:00:00,40.1334,-70.7785
103,20161113T233600Z,20161114T011758.125000Z,2016-11-14 00:00:00,40.1334,-70.7785
104,20161113T233600Z,20161114T011758.125000Z,2016-11-14 01:00:00,40.1334,-70.7785
105,20161114T140300Z,20161114T154158.125000Z,2016-11-14 14:00:00,40.1334,-70.7785
106,20161114T140300Z,20161114T154158.125000Z,2016-11-14 15:00:00,40.1334,-70.7785
107,20161115T005700Z,20161115T023858.125000Z,2016-11-15 01:00:00,40.1334,-70.7785
108,20161115T005700Z,20161115T023858.125000Z,2016-11-15 02:00:00,40.1334,-70.7785
109,20161115T234800Z,20161116T012958.125000Z,2016-11-16 00:00:00,40.1334,-70.7785
110,20161115T234800Z,20161116T012958.125000Z,2016-11-16 01:00:00,40.1334,-70.7785
111,20161116T140900Z,20161116T154758.125000Z,2016-11-16 14:00:00,40.1334,-70.7785
112,20161116T140900Z,20161116T154758.125000Z,2016-11-16 15:00:00,40.1334,-70.7785
113,20161116T150300Z,20161116T164158.125000Z,2016-11-16 16:00:00,40.1334,-70.7785
114,20161117T235400Z,20161118T013558.125000Z,2016-11-18 00:00:00,40.1334,-70.7785
115,20161117T235400Z,20161118T013558.125000Z,2016-11-18 01:00:00,40.1334,-70.7785
116,20161118T004800Z,20161118T022958.125000Z,2016-11-18 02:00:00,40.1334,-70.7785
117,20161118T150600Z,20161118T164758.125000Z,2016-11-18 15:00:00,40.1334,-70.7785
118,20161118T150600Z,20161118T164758.125000Z,2016-11-18 16:00:00,40.1334,-70.7785
119,20161120T005400Z,20161120T023558.125000Z,2016-11-20 01:00:00,40.1334,-70.7785
120,20161120T234500Z,20161121T012658.125000Z,2016-11-21 00:00:00,40.1334,-70.7785
121,20161120T234500Z,20161121T012658.125000Z,2016-11-21 01:00:00,40.1334,-70.7785
122,20161121T140600Z,20161121T154458.125000Z,2016-11-21 14:00:00,40.1334,-70.7785
123,20161121T140600Z,20161121T154458.125000Z,2016-11-21 15:00:00,40.1334,-70.7785
124,20161121T150000Z,20161121T163858.125000Z,2016-11-21 16:00:00,40.1334,-70.7785
125,20161122T234800Z,20161123T013258.125000Z,2016-11-23 00:00:00,40.1334,-70.7785
126,20161122T234800Z,20161123T013258.125000Z,2016-11-23 01:00:00,40.1334,-70.7785
127,20161123T004500Z,20161123T022658.125000Z,2016-11-23 02:00:00,40.1334,-70.7785
128,20161123T141800Z,20161123T155658.125000Z,2016-11-23 14:00:00,40.1334,-70.7785
129,20161123T141800Z,20161123T155658.125000Z,2016-11-23 15:00:00,40.1334,-70.7785
130,20161123T141800Z,20161123T155658.125000Z,2016-11-23 16:00:00,40.1334,-70.7785
131,20161124T135700Z,20161124T153558.125000Z,2016-11-24 14:00:00,40.1334,-70.7785
132,20161124T135700Z,20161124T153558.125000Z,2016-11-24 15:00:00,40.1334,-70.7785
133,20161125T000300Z,20161125T014458.125000Z,2016-11-25 00:00:00,40.1334,-70.7785
134,20161125T000300Z,20161125T014458.125000Z,2016-11-25 01:00:00,40.1334,-70.7785
135,20161125T151500Z,20161125T165658.125000Z,2016-11-25 15:00:00,40.1334,-70.7785
136,20161125T151500Z,20161125T165658.125000Z,2016-11-25 16:00:00,40.1334,-70.7785
137,20161125T151500Z,20161125T165658.125000Z,2016-11-25 17:00:00,40.1334,-70.7785
138,20161125T234200Z,20161126T012358.125000Z,2016-11-26 00:00:00,40.1334,-70.7785
139,20161126T140000Z,20161126T154158.125000Z,2016-11-26 14:00:00,40.1334,-70.7785
140,20161126T140000Z,20161126T154158.125000Z,2016-11-26 15:00:00,40.1334,-70.7785
141,20161127T010300Z,20161127T024458.125000Z,2016-11-27 02:00:00,40.1334,-70.7785
142,20161128T004200Z,20161128T022358.125000Z,2016-11-28 02:00:00,40.1334,-70.7785
143,20161128T141500Z,20161128T155358.125000Z,2016-11-28 14:00:00,40.1334,-70.7785
144,20161128T141500Z,20161128T155358.125000Z,2016-11-28 15:00:00,40.1334,-70.7785
145,20161128T141500Z,20161128T155358.125000Z,2016-11-28 16:00:00,40.1334,-70.7785
146,20161129T135400Z,20161129T153258.125000Z,2016-11-29 14:00:00,40.1334,-70.7785
147,20161129T135400Z,20161129T153258.125000Z,2016-11-29 15:00:00,40.1334,-70.7785
148,20161130T151200Z,20161130T165358.125000Z,2016-11-30 17:00:00,40.1334,-70.7785
149,20161201T135700Z,20161201T153858.125000Z,2016-12-01 14:00:00,40.1334,-70.7785
150,20161201T135700Z,20161201T153858.125000Z,2016-12-01 15:00:00,40.1334,-70.7785
151,20161201T145100Z,20161201T163258.125000Z,2016-12-01 16:00:00,40.1334,-70.7785
152,20161202T010000Z,20161202T024158.125000Z,2016-12-02 01:00:00,40.1334,-70.7785
153,20161202T010000Z,20161202T024158.125000Z,2016-12-02 02:00:00,40.1334,-70.7785
154,20161202T234200Z,20161203T012358.125000Z,2016-12-03 00:00:00,40.1334,-70.7785
155,20161202T234200Z,20161203T012358.125000Z,2016-12-03 01:00:00,40.1334,-70.7785
156,20161203T003900Z,20161203T022058.125000Z,2016-12-03 02:00:00,40.1334,-70.7785
157,20161203T141200Z,20161203T155058.125000Z,2016-12-03 14:00:00,40.1334,-70.7785
158,20161203T141200Z,20161203T155058.125000Z,2016-12-03 15:00:00,40.1334,-70.7785
159,20161203T145700Z,20161203T163558.125000Z,2016-12-03 16:00:00,40.1334,-70.7785
160,20161204T235400Z,20161205T013858.125000Z,2016-12-05 00:00:00,40.1334,-70.7785
161,20161204T235400Z,20161205T013858.125000Z,2016-12-05 01:00:00,40.1334,-70.7785
162,20161205T004200Z,20161205T022358.125000Z,2016-12-05 02:00:00,40.1334,-70.7785
163,20161205T141500Z,20161205T155358.125000Z,2016-12-05 14:00:00,40.1334,-70.7785
164,20161205T141500Z,20161205T155358.125000Z,2016-12-05 15:00:00,40.1334,-70.7785
165,20161206T135400Z,20161206T153258.125000Z,2016-12-06 14:00:00,40.1334,-70.7785
166,20161206T135400Z,20161206T153258.125000Z,2016-12-06 15:00:00,40.1334,-70.7785
167,20161207T005400Z,20161207T023858.125000Z,2016-12-07 02:00:00,40.1334,-70.7785
168,20161207T151200Z,20161207T165358.125000Z,2016-12-07 15:00:00,40.1334,-70.7785
169,20161207T151200Z,20161207T165358.125000Z,2016-12-07 16:00:00,40.1334,-70.7785
170,20161207T151200Z,20161207T165358.125000Z,2016-12-07 17:00:00,40.1334,-70.7785
171,20161207T233900Z,20161208T012058.125000Z,2016-12-08 00:00:00,40.1334,-70.7785
172,20161207T233900Z,20161208T012058.125000Z,2016-12-08 01:00:00,40.1334,-70.7785
173,20161208T140600Z,20161208T154758.125000Z,2016-12-08 14:00:00,40.1334,-70.7785
174,20161208T140600Z,20161208T154758.125000Z,2016-12-08 15:00:00,40.1334,-70.7785
175,20161208T145400Z,20161208T163258.125000Z,2016-12-08 16:00:00,40.1334,-70.7785
176,20161209T010000Z,20161209T024158.125000Z,2016-12-09 02:00:00,40.1334,-70.7785
177,20161209T235100Z,20161210T013258.125000Z,2016-12-10 00:00:00,40.1334,-70.7785
178,20161209T235100Z,20161210T013258.125000Z,2016-12-10 01:00:00,40.1334,-70.7785
179,20161210T003900Z,20161210T022058.125000Z,2016-12-10 02:00:00,40.1334,-70.7785
180,20161210T141200Z,20161210T155058.125000Z,2016-12-10 14:00:00,40.1334,-70.7785
181,20161210T141200Z,20161210T155058.125000Z,2016-12-10 15:00:00,40.1334,-70.7785
182,20161210T150600Z,20161210T164458.125000Z,2016-12-10 16:00:00,40.1334,-70.7785
183,20161211T135100Z,20161211T152958.125000Z,2016-12-11 14:00:00,40.1334,-70.7785
184,20161211T135100Z,20161211T152958.125000Z,2016-12-11 15:00:00,40.1334,-70.7785
185,20161211T235700Z,20161212T013858.125000Z,2016-12-12 00:00:00,40.1334,-70.7785
186,20161212T005100Z,20161212T023558.125000Z,2016-12-12 02:00:00,40.1334,-70.7785
187,20161212T150900Z,20161212T165058.125000Z,2016-12-12 16:00:00,40.1334,-70.7785
188,20161212T233600Z,20161213T011758.125000Z,2016-12-13 00:00:00,40.1334,-70.7785
189,20161212T233600Z,20161213T011758.125000Z,2016-12-13 01:00:00,40.1334,-70.7785
190,20161213T140300Z,20161213T154458.125000Z,2016-12-13 14:00:00,40.1334,-70.7785
191,20161213T140300Z,20161213T154458.125000Z,2016-12-13 15:00:00,40.1334,-70.7785
192,20161213T144800Z,20161213T162958.125000Z,2016-12-13 16:00:00,40.1334,-70.7785
193,20161214T005700Z,20161214T023858.125000Z,2016-12-14 02:00:00,40.1334,-70.7785
194,20161214T234800Z,20161215T012958.125000Z,2016-12-15 01:00:00,40.1334,-70.7785
195,20161215T140900Z,20161215T154758.125000Z,2016-12-15 14:00:00,40.1334,-70.7785
196,20161215T140900Z,20161215T154758.125000Z,2016-12-15 15:00:00,40.1334,-70.7785
197,20161215T150300Z,20161215T164158.125000Z,2016-12-15 16:00:00,40.1334,-70.7785
198,20161216T235400Z,20161217T013558.125000Z,2016-12-17 00:00:00,40.1334,-70.7785
199,20161216T235400Z,20161217T013558.125000Z,2016-12-17 01:00:00,40.1334,-70.7785
200,20161217T004800Z,20161217T022958.125000Z,2016-12-17 02:00:00,40.1334,-70.7785
201,20161218T140000Z,20161218T153858.125000Z,2016-12-18 14:00:00,40.1334,-70.7785
202,20161218T140000Z,20161218T153858.125000Z,2016-12-18 15:00:00,40.1334,-70.7785
203,20161219T005400Z,20161219T023558.125000Z,2016-12-19 01:00:00,40.1334,-70.7785
204,20161219T005400Z,20161219T023558.125000Z,2016-12-19 02:00:00,40.1334,-70.7785
205,20161219T234500Z,20161220T012658.125000Z,2016-12-20 00:00:00,40.1334,-70.7785
206,20161219T234500Z,20161220T012658.125000Z,2016-12-20 01:00:00,40.1334,-70.7785
207,20161220T140600Z,20161220T154458.125000Z,2016-12-20 14:00:00,40.1334,-70.7785
208,20161220T140600Z,20161220T154458.125000Z,2016-12-20 15:00:00,40.1334,-70.7785
209,20161220T150000Z,20161220T163858.125000Z,2016-12-20 16:00:00,40.1334,-70.7785
210,20161221T234800Z,20161222T013258.125000Z,2016-12-22 00:00:00,40.1334,-70.7785
211,20161221T234800Z,20161222T013258.125000Z,2016-12-22 01:00:00,40.1334,-70.7785
212,20161222T004500Z,20161222T022658.125000Z,2016-12-22 02:00:00,40.1334,-70.7785
213,20161222T141800Z,20161222T155658.125000Z,2016-12-22 14:00:00,40.1334,-70.7785
214,20161222T141800Z,20161222T155658.125000Z,2016-12-22 15:00:00,40.1334,-70.7785
215,20161222T141800Z,20161222T155658.125000Z,2016-12-22 16:00:00,40.1334,-70.7785
216,20161223T135700Z,20161223T153558.125000Z,2016-12-23 14:00:00,40.1334,-70.7785
217,20161223T135700Z,20161223T153558.125000Z,2016-12-23 15:00:00,40.1334,-70.7785
218,20161224T000300Z,20161224T014458.125000Z,2016-12-24 00:00:00,40.1334,-70.7785
219,20161224T000300Z,20161224T014458.125000Z,2016-12-24 01:00:00,40.1334,-70.7785
220,20161224T004800Z,20161224T023258.125000Z,2016-12-24 02:00:00,40.1334,-70.7785
221,20161224T151500Z,20161224T165658.125000Z,2016-12-24 15:00:00,40.1334,-70.7785
222,20161224T151500Z,20161224T165658.125000Z,2016-12-24 16:00:00,40.1334,-70.7785
223,20161224T234200Z,20161225T012358.125000Z,2016-12-25 00:00:00,40.1334,-70.7785
224,20161224T234200Z,20161225T012358.125000Z,2016-12-25 01:00:00,40.1334,-70.7785
225,20161225T140000Z,20161225T154158.125000Z,2016-12-25 14:00:00,40.1334,-70.7785
226,20161225T140000Z,20161225T154158.125000Z,2016-12-25 15:00:00,40.1334,-70.7785
227,20161225T145400Z,20161225T163558.125000Z,2016-12-25 16:00:00,40.1334,-70.7785
228,20161226T010300Z,20161226T024458.125000Z,2016-12-26 01:00:00,40.1334,-70.7785
229,20161226T010300Z,20161226T024458.125000Z,2016-12-26 02:00:00,40.1334,-70.7785
230,20161226T234500Z,20161227T012658.125000Z,2016-12-27 00:00:00,40.1334,-70.7785
231,20161226T234500Z,20161227T012658.125000Z,2016-12-27 01:00:00,40.1334,-70.7785
232,20161227T004200Z,20161227T022358.125000Z,2016-12-27 02:00:00,40.1334,-70.7785
233,20161227T141500Z,20161227T155358.125000Z,2016-12-27 14:00:00,40.1334,-70.7785
234,20161227T141500Z,20161227T155358.125000Z,2016-12-27 15:00:00,40.1334,-70.7785
235,20161227T141500Z,20161227T155358.125000Z,2016-12-27 16:00:00,40.1334,-70.7785
236,20161228T135400Z,20161228T153258.125000Z,2016-12-28 14:00:00,40.1334,-70.7785
237,20161229T000000Z,20161229T014158.125000Z,2016-12-29 00:00:00,40.1334,-70.7785
238,20161229T000000Z,20161229T014158.125000Z,2016-12-29 01:00:00,40.1334,-70.7785
239,20161229T004500Z,20161229T022958.125000Z,2016-12-29 02:00:00,40.1334,-70.7785
240,20161230T135700Z,20161230T153858.125000Z,2016-12-30 14:00:00,40.1334,-70.7785
241,20161230T135700Z,20161230T153858.125000Z,2016-12-30 15:00:00,40.1334,-70.7785
242,20161230T145100Z,20161230T163258.125000Z,2016-12-30 16:00:00,40.1334,-70.7785
243,20161231T010000Z,20161231T024158.125000Z,2016-12-31 02:00:00,40.1334,-70.7785
244,20161231T234200Z,20170101T012358.125000Z,2017-01-01 00:00:00,40.1334,-70.7785
245,20161231T234200Z,20170101T012358.125000Z,2017-01-01 01:00:00,40.1334,-70.7785
246,20170101T141200Z,20170101T155058.125000Z,2017-01-01 14:00:00,40.1334,-70.7785
247,20170101T141200Z,20170101T155058.125000Z,2017-01-01 15:00:00,40.1334,-70.7785
248,20170101T145700Z,20170101T163558.125000Z,2017-01-01 16:00:00,40.1334,-70.7785
249,20170103T141500Z,20170103T155358.125000Z,2017-01-03 14:00:00,40.1334,-70.7785
250,20170104T135400Z,20170104T153258.125000Z,2017-01-04 14:00:00,40.1334,-70.7785
251,20170104T135400Z,20170104T153258.125000Z,2017-01-04 15:00:00,40.1334,-70.7785
252,20170105T005400Z,20170105T023858.125000Z,2017-01-05 02:00:00,40.1334,-70.7785
253,20170105T151500Z,20170105T165358.125000Z,2017-01-05 15:00:00,40.1334,-70.7785
254,20170105T151500Z,20170105T165358.125000Z,2017-01-05 16:00:00,40.1334,-70.7785
255,20170105T233900Z,20170106T012058.125000Z,2017-01-06 00:00:00,40.1334,-70.7785
256,20170105T233900Z,20170106T012058.125000Z,2017-01-06 01:00:00,40.1334,-70.7785
257,20170106T140600Z,20170106T154758.125000Z,2017-01-06 14:00:00,40.1334,-70.7785
258,20170106T140600Z,20170106T154758.125000Z,2017-01-06 15:00:00,40.1334,-70.7785
259,20170106T145400Z,20170106T163258.125000Z,2017-01-06 16:00:00,40.1334,-70.7785
260,20170107T010000Z,20170107T024158.125000Z,2017-01-07 01:00:00,40.1334,-70.7785
261,20170107T010000Z,20170107T024158.125000Z,2017-01-07 02:00:00,40.1334,-70.7785
262,20170108T141200Z,20170108T155058.125000Z,2017-01-08 14:00:00,40.1334,-70.7785
263,20170108T141200Z,20170108T155058.125000Z,2017-01-08 15:00:00,40.1334,-70.7785
264,20170108T150600Z,20170108T164458.125000Z,2017-01-08 16:00:00,40.1334,-70.7785
265,20170109T135100Z,20170109T152958.125000Z,2017-01-09 14:00:00,40.1334,-70.7785
266,20170109T135100Z,20170109T152958.125000Z,2017-01-09 15:00:00,40.1334,-70.7785
267,20170109T235700Z,20170110T013858.125000Z,2017-01-10 00:00:00,40.1334,-70.7785
268,20170110T005100Z,20170110T023558.125000Z,2017-01-10 02:00:00,40.1334,-70.7785
269,20170110T150900Z,20170110T165058.125000Z,2017-01-10 15:00:00,40.1334,-70.7785
270,20170110T233600Z,20170111T011758.125000Z,2017-01-11 00:00:00,40.1334,-70.7785
271,20170110T233600Z,20170111T011758.125000Z,2017-01-11 01:00:00,40.1334,-70.7785
272,20170111T140300Z,20170111T154458.125000Z,2017-01-11 14:00:00,40.1334,-70.7785
273,20170111T140300Z,20170111T154458.125000Z,2017-01-11 15:00:00,40.1334,-70.7785
274,20170111T144800Z,20170111T162958.125000Z,2017-01-11 16:00:00,40.1334,-70.7785
275,20170112T005700Z,20170112T023858.125000Z,2017-01-12 01:00:00,40.1334,-70.7785
276,20170112T005700Z,20170112T023858.125000Z,2017-01-12 02:00:00,40.1334,-70.7785
277,20170112T234800Z,20170113T012958.125000Z,2017-01-13 00:00:00,40.1334,-70.7785
278,20170113T140900Z,20170113T154758.125000Z,2017-01-13 14:00:00,40.1334,-70.7785
279,20170113T140900Z,20170113T154758.125000Z,2017-01-13 15:00:00,40.1334,-70.7785
280,20170113T150300Z,20170113T164158.125000Z,2017-01-13 16:00:00,40.1334,-70.7785
281,20170114T235400Z,20170115T013558.125000Z,2017-01-15 00:00:00,40.1334,-70.7785
282,20170114T235400Z,20170115T013558.125000Z,2017-01-15 01:00:00,40.1334,-70.7785
283,20170115T004800Z,20170115T022958.125000Z,2017-01-15 02:00:00,40.1334,-70.7785
284,20170115T150600Z,20170115T164758.125000Z,2017-01-15 15:00:00,40.1334,-70.7785
285,20170115T150600Z,20170115T164758.125000Z,2017-01-15 16:00:00,40.1334,-70.7785
286,20170116T140000Z,20170116T153858.125000Z,2017-01-16 14:00:00,40.1334,-70.7785
287,20170117T005400Z,20170117T023558.125000Z,2017-01-17 01:00:00,40.1334,-70.7785
288,20170117T005400Z,20170117T023558.125000Z,2017-01-17 02:00:00,40.1334,-70.7785
289,20170117T234500Z,20170118T012658.125000Z,2017-01-18 00:00:00,40.1334,-70.7785
290,20170117T234500Z,20170118T012658.125000Z,2017-01-18 01:00:00,40.1334,-70.7785
291,20170118T140600Z,20170118T154458.125000Z,2017-01-18 14:00:00,40.1334,-70.7785
292,20170118T140600Z,20170118T154458.125000Z,2017-01-18 15:00:00,40.1334,-70.7785
293,20170118T150000Z,20170118T163858.125000Z,2017-01-18 16:00:00,40.1334,-70.7785
294,20170119T234800Z,20170120T013258.125000Z,2017-01-20 00:00:00,40.1334,-70.7785
295,20170119T234800Z,20170120T013258.125000Z,2017-01-20 01:00:00,40.1334,-70.7785
296,20170120T004500Z,20170120T022658.125000Z,2017-01-20 02:00:00,40.1334,-70.7785
297,20170120T141800Z,20170120T155658.125000Z,2017-01-20 14:00:00,40.1334,-70.7785
298,20170120T141800Z,20170120T155658.125000Z,2017-01-20 15:00:00,40.1334,-70.7785
299,20170120T141800Z,20170120T155658.125000Z,2017-01-20 16:00:00,40.1334,-70.7785
300,20170121T135700Z,20170121T153558.125000Z,2017-01-21 14:00:00,40.1334,-70.7785
301,20170121T135700Z,20170121T153558.125000Z,2017-01-21 15:00:00,40.1334,-70.7785
302,20170122T000300Z,20170122T014458.125000Z,2017-01-22 00:00:00,40.1334,-70.7785
303,20170122T000300Z,20170122T014458.125000Z,2017-01-22 01:00:00,40.1334,-70.7785
304,20170122T004800Z,20170122T023258.125000Z,2017-01-22 02:00:00,40.1334,-70.7785
305,20170122T151500Z,20170122T165658.125000Z,2017-01-22 15:00:00,40.1334,-70.7785
306,20170122T151500Z,20170122T165658.125000Z,2017-01-22 16:00:00,40.1334,-70.7785
307,20170122T151500Z,20170122T165658.125000Z,2017-01-22 17:00:00,40.1334,-70.7785
308,20170123T140000Z,20170123T154158.125000Z,2017-01-23 14:00:00,40.1334,-70.7785
309,20170123T140000Z,20170123T154158.125000Z,2017-01-23 15:00:00,40.1334,-70.7785
310,20170123T145400Z,20170123T163558.125000Z,2017-01-23 16:00:00,40.1334,-70.7785
311,20170124T234500Z,20170125T012658.125000Z,2017-01-25 00:00:00,40.1334,-70.7785
312,20170124T234500Z,20170125T012658.125000Z,2017-01-25 01:00:00,40.1334,-70.7785
313,20170125T004200Z,20170125T022358.125000Z,2017-01-25 02:00:00,40.1334,-70.7785
314,20170125T141500Z,20170125T155358.125000Z,2017-01-25 14:00:00,40.1334,-70.7785
315,20170125T141500Z,20170125T155358.125000Z,2017-01-25 15:00:00,40.1334,-70.7785
316,20170125T141500Z,20170125T155358.125000Z,2017-01-25 16:00:00,40.1334,-70.7785
317,20170126T135400Z,20170126T153258.125000Z,2017-01-26 14:00:00,40.1334,-70.7785
318,20170126T135400Z,20170126T153258.125000Z,2017-01-26 15:00:00,40.1334,-70.7785
319,20170126T235700Z,20170127T014158.125000Z,2017-01-27 00:00:00,40.1334,-70.7785
320,20170126T235700Z,20170127T014158.125000Z,2017-01-27 01:00:00,40.1334,-70.7785
321,20170127T004500Z,20170127T022958.125000Z,2017-01-27 02:00:00,40.1334,-70.7785
322,20170127T151200Z,20170127T165058.125000Z,2017-01-27 15:00:00,40.1334,-70.7785
323,20170127T151200Z,20170127T165058.125000Z,2017-01-27 16:00:00,40.1334,-70.7785
324,20170127T233600Z,20170128T012058.125000Z,2017-01-28 00:00:00,40.1334,-70.7785
325,20170127T233600Z,20170128T012058.125000Z,2017-01-28 01:00:00,40.1334,-70.7785
326,20170128T135700Z,20170128T153858.125000Z,2017-01-28 14:00:00,40.1334,-70.7785
327,20170128T135700Z,20170128T153858.125000Z,2017-01-28 15:00:00,40.1334,-70.7785
328,20170128T145100Z,20170128T163258.125000Z,2017-01-28 16:00:00,40.1334,-70.7785
329,20170129T010000Z,20170129T024158.125000Z,2017-01-29 01:00:00,40.1334,-70.7785
330,20170129T010000Z,20170129T024158.125000Z,2017-01-29 02:00:00,40.1334,-70.7785
331,20170129T234200Z,20170130T012358.125000Z,2017-01-30 00:00:00,40.1334,-70.7785
332,20170129T234200Z,20170130T012358.125000Z,2017-01-30 01:00:00,40.1334,-70.7785
333,20170130T140900Z,20170130T155058.125000Z,2017-01-30 14:00:00,40.1334,-70.7785
334,20170130T140900Z,20170130T155058.125000Z,2017-01-30 15:00:00,40.1334,-70.7785
335,20170130T145700Z,20170130T163558.125000Z,2017-01-30 16:00:00,40.1334,-70.7785
336,20170131T235400Z,20170201T013858.125000Z,2017-02-01 00:00:00,40.1334,-70.7785
337,20170131T235400Z,20170201T013858.125000Z,2017-02-01 01:00:00,40.1334,-70.7785
338,20170201T004200Z,20170201T022358.125000Z,2017-02-01 02:00:00,40.1334,-70.7785
339,20170201T141500Z,20170201T155358.125000Z,2017-02-01 14:00:00,40.1334,-70.7785
340,20170201T141500Z,20170201T155358.125000Z,2017-02-01 15:00:00,40.1334,-70.7785
341,20170201T141500Z,20170201T155358.125000Z,2017-02-01 16:00:00,40.1334,-70.7785
342,20170202T135400Z,20170202T153258.125000Z,2017-02-02 14:00:00,40.1334,-70.7785
343,20170202T135400Z,20170202T153258.125000Z,2017-02-02 15:00:00,40.1334,-70.7785
344,20170203T000000Z,20170203T014158.125000Z,2017-02-03 00:00:00,40.1334,-70.7785
345,20170203T000000Z,20170203T014158.125000Z,2017-02-03 01:00:00,40.1334,-70.7785
346,20170203T005400Z,20170203T023858.125000Z,2017-02-03 02:00:00,40.1334,-70.7785
347,20170203T151200Z,20170203T165358.125000Z,2017-02-03 15:00:00,40.1334,-70.7785
348,20170203T151200Z,20170203T165358.125000Z,2017-02-03 16:00:00,40.1334,-70.7785
349,20170203T151200Z,20170203T165358.125000Z,2017-02-03 17:00:00,40.1334,-70.7785
350,20170203T233900Z,20170204T012058.125000Z,2017-02-04 00:00:00,40.1334,-70.7785
351,20170203T233900Z,20170204T012058.125000Z,2017-02-04 01:00:00,40.1334,-70.7785
352,20170204T140600Z,20170204T154758.125000Z,2017-02-04 14:00:00,40.1334,-70.7785
353,20170204T140600Z,20170204T154758.125000Z,2017-02-04 15:00:00,40.1334,-70.7785
354,20170204T145400Z,20170204T163258.125000Z,2017-02-04 16:00:00,40.1334,-70.7785
355,20170205T010000Z,20170205T024158.125000Z,2017-02-05 01:00:00,40.1334,-70.7785
356,20170205T010000Z,20170205T024158.125000Z,2017-02-05 02:00:00,40.1334,-70.7785
357,20170205T235100Z,20170206T013258.125000Z,2017-02-06 00:00:00,40.1334,-70.7785
358,20170205T235100Z,20170206T013258.125000Z,2017-02-06 01:00:00,40.1334,-70.7785
359,20170206T003900Z,20170206T022058.125000Z,2017-02-06 02:00:00,40.1334,-70.7785
360,20170206T141200Z,20170206T155058.125000Z,2017-02-06 14:00:00,40.1334,-70.7785
361,20170206T141200Z,20170206T155058.125000Z,2017-02-06 15:00:00,40.1334,-70.7785
362,20170206T150600Z,20170206T164458.125000Z,2017-02-06 16:00:00,40.1334,-70.7785
363,20170207T135100Z,20170207T152958.125000Z,2017-02-07 14:00:00,40.1334,-70.7785
364,20170207T135100Z,20170207T152958.125000Z,2017-02-07 15:00:00,40.1334,-70.7785
365,20170207T235700Z,20170208T013858.125000Z,2017-02-08 00:00:00,40.1334,-70.7785
366,20170207T235700Z,20170208T013858.125000Z,2017-02-08 01:00:00,40.1334,-70.7785
367,20170208T005100Z,20170208T023258.125000Z,2017-02-08 02:00:00,40.1334,-70.7785
368,20170208T150900Z,20170208T165058.125000Z,2017-02-08 15:00:00,40.1334,-70.7785
369,20170208T150900Z,20170208T165058.125000Z,2017-02-08 16:00:00,40.1334,-70.7785
370,20170208T233600Z,20170209T011758.125000Z,2017-02-09 00:00:00,40.1334,-70.7785
371,20170208T233600Z,20170209T011758.125000Z,2017-02-09 01:00:00,40.1334,-70.7785
372,20170209T140300Z,20170209T154158.125000Z,2017-02-09 14:00:00,40.1334,-70.7785
373,20170210T234800Z,20170211T012958.125000Z,2017-02-11 00:00:00,40.1334,-70.7785
374,20170210T234800Z,20170211T012958.125000Z,2017-02-11 01:00:00,40.1334,-70.7785
375,20170211T140900Z,20170211T154758.125000Z,2017-02-11 14:00:00,40.1334,-70.7785
376,20170211T140900Z,20170211T154758.125000Z,2017-02-11 15:00:00,40.1334,-70.7785
377,20170211T150300Z,20170211T164158.125000Z,2017-02-11 16:00:00,40.1334,-70.7785
378,20170213T004800Z,20170213T022958.125000Z,2017-02-13 02:00:00,40.1334,-70.7785
379,20170213T150600Z,20170213T164758.125000Z,2017-02-13 15:00:00,40.1334,-70.7785
380,20170213T150600Z,20170213T164758.125000Z,2017-02-13 16:00:00,40.1334,-70.7785
381,20170214T140000Z,20170214T153858.125000Z,2017-02-14 14:00:00,40.1334,-70.7785
382,20170215T005400Z,20170215T023558.125000Z,2017-02-15 01:00:00,40.1334,-70.7785
383,20170215T005400Z,20170215T023558.125000Z,2017-02-15 02:00:00,40.1334,-70.7785
384,20170215T234500Z,20170216T012658.125000Z,2017-02-16 00:00:00,40.1334,-70.7785
385,20170215T234500Z,20170216T012658.125000Z,2017-02-16 01:00:00,40.1334,-70.7785
386,20170216T140600Z,20170216T154458.125000Z,2017-02-16 14:00:00,40.1334,-70.7785
387,20170216T140600Z,20170216T154458.125000Z,2017-02-16 15:00:00,40.1334,-70.7785
388,20170216T150000Z,20170216T163858.125000Z,2017-02-16 16:00:00,40.1334,-70.7785
389,20170217T234800Z,20170218T013258.125000Z,2017-02-18 00:00:00,40.1334,-70.7785
390,20170217T234800Z,20170218T013258.125000Z,2017-02-18 01:00:00,40.1334,-70.7785
391,20170218T141800Z,20170218T155658.125000Z,2017-02-18 14:00:00,40.1334,-70.7785
392,20170218T141800Z,20170218T155658.125000Z,2017-02-18 15:00:00,40.1334,-70.7785
393,20170218T141800Z,20170218T155658.125000Z,2017-02-18 16:00:00,40.1334,-70.7785
394,20170219T135700Z,20170219T153558.125000Z,2017-02-19 14:00:00,40.1334,-70.7785
395,20170220T000300Z,20170220T014458.125000Z,2017-02-20 00:00:00,40.1334,-70.7785
396,20170220T004800Z,20170220T023258.125000Z,2017-02-20 02:00:00,40.1334,-70.7785
397,20170220T151500Z,20170220T165658.125000Z,2017-02-20 15:00:00,40.1334,-70.7785
398,20170220T151500Z,20170220T165658.125000Z,2017-02-20 16:00:00,40.1334,-70.7785
399,20170220T151500Z,20170220T165658.125000Z,2017-02-20 17:00:00,40.1334,-70.7785
400,20170221T140000Z,20170221T154158.125000Z,2017-02-21 14:00:00,40.1334,-70.7785
401,20170221T140000Z,20170221T154158.125000Z,2017-02-21 15:00:00,40.1334,-70.7785
402,20170221T145400Z,20170221T163558.125000Z,2017-02-21 16:00:00,40.1334,-70.7785
403,20170222T010300Z,20170222T024458.125000Z,2017-02-22 01:00:00,40.1334,-70.7785
404,20170222T234500Z,20170223T012658.125000Z,2017-02-23 00:00:00,40.1334,-70.7785
405,20170222T234500Z,20170223T012658.125000Z,2017-02-23 01:00:00,40.1334,-70.7785
406,20170223T004200Z,20170223T022358.125000Z,2017-02-23 02:00:00,40.1334,-70.7785
407,20170223T141500Z,20170223T155358.125000Z,2017-02-23 14:00:00,40.1334,-70.7785
408,20170223T141500Z,20170223T155358.125000Z,2017-02-23 15:00:00,40.1334,-70.7785
409,20170223T141500Z,20170223T155358.125000Z,2017-02-23 16:00:00,40.1334,-70.7785
410,20170224T135400Z,20170224T153258.125000Z,2017-02-24 14:00:00,40.1334,-70.7785
411,20170224T135400Z,20170224T153258.125000Z,2017-02-24 15:00:00,40.1334,-70.7785
412,20170224T235700Z,20170225T014158.125000Z,2017-02-25 00:00:00,40.1334,-70.7785
413,20170224T235700Z,20170225T014158.125000Z,2017-02-25 01:00:00,40.1334,-70.7785
414,20170225T004500Z,20170225T022658.125000Z,2017-02-25 02:00:00,40.1334,-70.7785
415,20170225T151200Z,20170225T165058.125000Z,2017-02-25 15:00:00,40.1334,-70.7785
416,20170225T151200Z,20170225T165058.125000Z,2017-02-25 16:00:00,40.1334,-70.7785
417,20170226T135700Z,20170226T153858.125000Z,2017-02-26 14:00:00,40.1334,-70.7785
418,20170226T135700Z,20170226T153858.125000Z,2017-02-26 15:00:00,40.1334,-70.7785
419,20170226T145100Z,20170226T163258.125000Z,2017-02-26 16:00:00,40.1334,-70.7785
420,20170227T010000Z,20170227T024158.125000Z,2017-02-27 01:00:00,40.1334,-70.7785
421,20170227T010000Z,20170227T024158.125000Z,2017-02-27 02:00:00,40.1334,-70.7785
422,20170227T234200Z,20170228T012358.125000Z,2017-02-28 00:00:00,40.1334,-70.7785
423,20170227T234200Z,20170228T012358.125000Z,2017-02-28 01:00:00,40.1334,-70.7785
424,20170228T003600Z,20170228T022058.125000Z,2017-02-28 02:00:00,40.1334,-70.7785
425,20170228T140900Z,20170228T155058.125000Z,2017-02-28 14:00:00,40.1334,-70.7785
426,20170228T140900Z,20170228T155058.125000Z,2017-02-28 15:00:00,40.1334,-70.7785
427,20170228T145700Z,20170228T163558.125000Z,2017-02-28 16:00:00,40.1334,-70.7785
428,20170301T235400Z,20170302T013858.125000Z,2017-03-02 00:00:00,40.1334,-70.7785
429,20170301T235400Z,20170302T013858.125000Z,2017-03-02 01:00:00,40.1334,-70.7785
430,20170302T004200Z,20170302T022358.125000Z,2017-03-02 02:00:00,40.1334,-70.7785
431,20170302T141500Z,20170302T155358.125000Z,2017-03-02 14:00:00,40.1334,-70.7785
432,20170302T141500Z,20170302T155358.125000Z,2017-03-02 15:00:00,40.1334,-70.7785
433,20170302T141500Z,20170302T155358.125000Z,2017-03-02 16:00:00,40.1334,-70.7785
434,20170303T135400Z,20170303T153258.125000Z,2017-03-03 14:00:00,40.1334,-70.7785
435,20170303T135400Z,20170303T153258.125000Z,2017-03-03 15:00:00,40.1334,-70.7785
436,20170304T000000Z,20170304T014158.125000Z,2017-03-04 00:00:00,40.1334,-70.7785
437,20170304T005400Z,20170304T023858.125000Z,2017-03-04 02:00:00,40.1334,-70.7785
438,20170304T151200Z,20170304T165358.125000Z,2017-03-04 15:00:00,40.1334,-70.7785
439,20170304T151200Z,20170304T165358.125000Z,2017-03-04 17:00:00,40.1334,-70.7785
440,20170304T233900Z,20170305T012058.125000Z,2017-03-05 00:00:00,40.1334,-70.7785
441,20170304T233900Z,20170305T012058.125000Z,2017-03-05 01:00:00,40.1334,-70.7785
442,20170305T140600Z,20170305T154758.125000Z,2017-03-05 14:00:00,40.1334,-70.7785
443,20170305T140600Z,20170305T154758.125000Z,2017-03-05 15:00:00,40.1334,-70.7785
444,20170305T145400Z,20170305T163258.125000Z,2017-03-05 16:00:00,40.1334,-70.7785
445,20170306T010000Z,20170306T024158.125000Z,2017-03-06 01:00:00,40.1334,-70.7785
446,20170306T010000Z,20170306T024158.125000Z,2017-03-06 02:00:00,40.1334,-70.7785
447,20170306T235100Z,20170307T013258.125000Z,2017-03-07 00:00:00,40.1334,-70.7785
448,20170307T141200Z,20170307T155058.125000Z,2017-03-07 14:00:00,40.1334,-70.7785
449,20170307T141200Z,20170307T155058.125000Z,2017-03-07 15:00:00,40.1334,-70.7785
450,20170307T150600Z,20170307T164458.125000Z,2017-03-07 16:00:00,40.1334,-70.7785
451,20170308T235700Z,20170309T013858.125000Z,2017-03-09 00:00:00,40.1334,-70.7785
452,20170309T005100Z,20170309T023258.125000Z,2017-03-09 02:00:00,40.1334,-70.7785
453,20170309T150900Z,20170309T165058.125000Z,2017-03-09 15:00:00,40.1334,-70.7785
454,20170309T150900Z,20170309T165058.125000Z,2017-03-09 16:00:00,40.1334,-70.7785
455,20170309T233600Z,20170310T011758.125000Z,2017-03-10 01:00:00,40.1334,-70.7785
456,20170310T140300Z,20170310T154158.125000Z,2017-03-10 14:00:00,40.1334,-70.7785
457,20170310T140300Z,20170310T154158.125000Z,2017-03-10 15:00:00,40.1334,-70.7785
458,20170310T144800Z,20170310T162958.125000Z,2017-03-10 16:00:00,40.1334,-70.7785
459,20170311T005700Z,20170311T023858.125000Z,2017-03-11 01:00:00,40.1334,-70.7785
460,20170311T005700Z,20170311T023858.125000Z,2017-03-11 02:00:00,40.1334,-70.7785
461,20170311T234800Z,20170312T012958.125000Z,2017-03-12 00:00:00,40.1334,-70.7785
462,20170311T234800Z,20170312T012958.125000Z,2017-03-12 01:00:00,40.1334,-70.7785
463,20170312T003600Z,20170312T021758.125000Z,2017-03-12 02:00:00,40.1334,-70.7785
464,20170312T140900Z,20170312T154758.125000Z,2017-03-12 14:00:00,40.1334,-70.7785
465,20170312T140900Z,20170312T154758.125000Z,2017-03-12 15:00:00,40.1334,-70.7785
466,20170312T150300Z,20170312T164158.125000Z,2017-03-12 16:00:00,40.1334,-70.7785
467,20170313T235100Z,20170314T013558.125000Z,2017-03-14 01:00:00,40.1334,-70.7785
468,20170314T004800Z,20170314T022958.125000Z,2017-03-14 02:00:00,40.1334,-70.7785
469,20170315T140000Z,20170315T153858.125000Z,2017-03-15 14:00:00,40.1334,-70.7785
470,20170315T140000Z,20170315T153858.125000Z,2017-03-15 15:00:00,40.1334,-70.7785
471,20170316T005400Z,20170316T023558.125000Z,2017-03-16 01:00:00,40.1334,-70.7785
472,20170316T005400Z,20170316T023558.125000Z,2017-03-16 02:00:00,40.1334,-70.7785
473,20170316T234500Z,20170317T012658.125000Z,2017-03-17 00:00:00,40.1334,-70.7785
474,20170316T234500Z,20170317T012658.125000Z,2017-03-17 01:00:00,40.1334,-70.7785
475,20170317T140300Z,20170317T154458.125000Z,2017-03-17 14:00:00,40.1334,-70.7785
476,20170317T140300Z,20170317T154458.125000Z,2017-03-17 15:00:00,40.1334,-70.7785
477,20170317T150000Z,20170317T163858.125000Z,2017-03-17 16:00:00,40.1334,-70.7785
478,20170318T234800Z,20170319T013258.125000Z,2017-03-19 01:00:00,40.1334,-70.7785
479,20170319T141800Z,20170319T155658.125000Z,2017-03-19 14:00:00,40.1334,-70.7785
480,20170319T141800Z,20170319T155658.125000Z,2017-03-19 15:00:00,40.1334,-70.7785
481,20170319T141800Z,20170319T155658.125000Z,2017-03-19 16:00:00,40.1334,-70.7785
482,20170320T135700Z,20170320T153558.125000Z,2017-03-20 14:00:00,40.1334,-70.7785
483,20170321T000300Z,20170321T014458.125000Z,2017-03-21 00:00:00,40.1334,-70.7785
484,20170321T000300Z,20170321T014458.125000Z,2017-03-21 01:00:00,40.1334,-70.7785
485,20170321T151500Z,20170321T165658.125000Z,2017-03-21 15:00:00,40.1334,-70.7785
486,20170321T151500Z,20170321T165658.125000Z,2017-03-21 16:00:00,40.1334,-70.7785
487,20170321T151500Z,20170321T165658.125000Z,2017-03-21 17:00:00,40.1334,-70.7785
488,20170322T140000Z,20170322T154158.125000Z,2017-03-22 14:00:00,40.1334,-70.7785
489,20170322T140000Z,20170322T154158.125000Z,2017-03-22 15:00:00,40.1334,-70.7785
490,20170322T145400Z,20170322T163558.125000Z,2017-03-22 16:00:00,40.1334,-70.7785
491,20170323T010300Z,20170323T024458.125000Z,2017-03-23 01:00:00,40.1334,-70.7785
492,20170323T010300Z,20170323T024458.125000Z,2017-03-23 02:00:00,40.1334,-70.7785
493,20170323T234500Z,20170324T012658.125000Z,2017-03-24 00:00:00,40.1334,-70.7785
494,20170323T234500Z,20170324T012658.125000Z,2017-03-24 01:00:00,40.1334,-70.7785
495,20170324T004200Z,20170324T022358.125000Z,2017-03-24 02:00:00,40.1334,-70.7785
496,20170324T141500Z,20170324T155358.125000Z,2017-03-24 14:00:00,40.1334,-70.7785
497,20170324T141500Z,20170324T155358.125000Z,2017-03-24 15:00:00,40.1334,-70.7785
498,20170324T141500Z,20170324T155358.125000Z,2017-03-24 16:00:00,40.1334,-70.7785
499,20170325T135400Z,20170325T153258.125000Z,2017-03-25 15:00:00,40.1334,-70.7785
500,20170325T235700Z,20170326T014158.125000Z,2017-03-26 00:00:00,40.1334,-70.7785
501,20170325T235700Z,20170326T014158.125000Z,2017-03-26 01:00:00,40.1334,-70.7785
502,20170326T004500Z,20170326T022658.125000Z,2017-03-26 02:00:00,40.1334,-70.7785
503,20170326T151200Z,20170326T165058.125000Z,2017-03-26 15:00:00,40.1334,-70.7785
504,20170326T151200Z,20170326T165058.125000Z,2017-03-26 16:00:00,40.1334,-70.7785
505,20170328T010000Z,20170328T024158.125000Z,2017-03-28 01:00:00,40.1334,-70.7785
506,20170329T140900Z,20170329T155058.125000Z,2017-03-29 14:00:00,40.1334,-70.7785
507,20170329T140900Z,20170329T155058.125000Z,2017-03-29 15:00:00,40.1334,-70.7785
508,20170329T145700Z,20170329T163558.125000Z,2017-03-29 16:00:00,40.1334,-70.7785
509,20170330T235400Z,20170331T013858.125000Z,2017-03-31 01:00:00,40.1334,-70.7785
510,20170331T004200Z,20170331T022358.125000Z,2017-03-31 02:00:00,40.1334,-70.7785
511,20170331T141500Z,20170331T155358.125000Z,2017-03-31 15:00:00,40.1334,-70.7785
512,20170331T141500Z,20170331T155358.125000Z,2017-03-31 16:00:00,40.1334,-70.7785
513,20170402T000000Z,20170402T014158.125000Z,2017-04-02 00:00:00,40.1334,-70.7785
514,20170402T000000Z,20170402T014158.125000Z,2017-04-02 01:00:00,40.1334,-70.7785
515,20170402T005400Z,20170402T023858.125000Z,2017-04-02 02:00:00,40.1334,-70.7785
516,20170402T151200Z,20170402T165358.125000Z,2017-04-02 15:00:00,40.1334,-70.7785
517,20170402T151200Z,20170402T165358.125000Z,2017-04-02 17:00:00,40.1334,-70.7785
518,20170402T233900Z,20170403T012058.125000Z,2017-04-03 00:00:00,40.1334,-70.7785
519,20170402T233900Z,20170403T012058.125000Z,2017-04-03 01:00:00,40.1334,-70.7785
520,20170404T010000Z,20170404T024158.125000Z,2017-04-04 01:00:00,40.1334,-70.7785
521,20170404T010000Z,20170404T024158.125000Z,2017-04-04 02:00:00,40.1334,-70.7785
522,20170405T141200Z,20170405T155058.125000Z,2017-04-05 14:00:00,40.1334,-70.7785
523,20170405T141200Z,20170405T155058.125000Z,2017-04-05 15:00:00,40.1334,-70.7785
524,20170405T150600Z,20170405T164458.125000Z,2017-04-05 16:00:00,40.1334,-70.7785
525,20170406T135100Z,20170406T152958.125000Z,2017-04-06 14:00:00,40.1334,-70.7785
526,20170406T135100Z,20170406T152958.125000Z,2017-04-06 15:00:00,40.1334,-70.7785
527,20170406T235700Z,20170407T013858.125000Z,2017-04-07 01:00:00,40.1334,-70.7785
528,20170407T005100Z,20170407T023258.125000Z,2017-04-07 02:00:00,40.1334,-70.7785
529,20170407T150900Z,20170407T165058.125000Z,2017-04-07 15:00:00,40.1334,-70.7785
530,20170407T150900Z,20170407T165058.125000Z,2017-04-07 16:00:00,40.1334,-70.7785
531,20170407T233600Z,20170408T011758.125000Z,2017-04-08 00:00:00,40.1334,-70.7785
532,20170407T233600Z,20170408T011758.125000Z,2017-04-08 01:00:00,40.1334,-70.7785
533,20170408T140300Z,20170408T154158.125000Z,2017-04-08 14:00:00,40.1334,-70.7785
534,20170408T140300Z,20170408T154158.125000Z,2017-04-08 15:00:00,40.1334,-70.7785
535,20170408T144800Z,20170408T162958.125000Z,2017-04-08 16:00:00,40.1334,-70.7785
536,20170409T005700Z,20170409T023858.125000Z,2017-04-09 01:00:00,40.1334,-70.7785
537,20170409T005700Z,20170409T023858.125000Z,2017-04-09 02:00:00,40.1334,-70.7785
538,20170409T234800Z,20170410T012958.125000Z,2017-04-10 00:00:00,40.1334,-70.7785
539,20170410T003600Z,20170410T021758.125000Z,2017-04-10 02:00:00,40.1334,-70.7785
540,20170410T140900Z,20170410T154758.125000Z,2017-04-10 14:00:00,40.1334,-70.7785
541,20170410T140900Z,20170410T154758.125000Z,2017-04-10 15:00:00,40.1334,-70.7785
542,20170410T150300Z,20170410T164158.125000Z,2017-04-10 16:00:00,40.1334,-70.7785
543,20170411T235100Z,20170412T013558.125000Z,2017-04-12 00:00:00,40.1334,-70.7785
544,20170411T235100Z,20170412T013558.125000Z,2017-04-12 01:00:00,40.1334,-70.7785
545,20170412T004800Z,20170412T022958.125000Z,2017-04-12 02:00:00,40.1334,-70.7785
546,20170412T150600Z,20170412T164458.125000Z,2017-04-12 15:00:00,40.1334,-70.7785
547,20170412T150600Z,20170412T164458.125000Z,2017-04-12 16:00:00,40.1334,-70.7785
548,20170413T140000Z,20170413T153858.125000Z,2017-04-13 14:00:00,40.1334,-70.7785
549,20170413T140000Z,20170413T153858.125000Z,2017-04-13 15:00:00,40.1334,-70.7785
550,20170414T005400Z,20170414T023558.125000Z,2017-04-14 01:00:00,40.1334,-70.7785
551,20170414T005400Z,20170414T023558.125000Z,2017-04-14 02:00:00,40.1334,-70.7785
552,20170414T234500Z,20170415T012658.125000Z,2017-04-15 00:00:00,40.1334,-70.7785
553,20170414T234500Z,20170415T012658.125000Z,2017-04-15 01:00:00,40.1334,-70.7785
554,20170415T140300Z,20170415T154458.125000Z,2017-04-15 14:00:00,40.1334,-70.7785
555,20170415T140300Z,20170415T154458.125000Z,2017-04-15 15:00:00,40.1334,-70.7785
556,20170415T145700Z,20170415T163858.125000Z,2017-04-15 16:00:00,40.1334,-70.7785
557,20170416T234800Z,20170417T013258.125000Z,2017-04-17 00:00:00,40.1334,-70.7785
558,20170416T234800Z,20170417T013258.125000Z,2017-04-17 01:00:00,40.1334,-70.7785
559,20170417T004500Z,20170417T022658.125000Z,2017-04-17 02:00:00,40.1334,-70.7785
560,20170417T141800Z,20170417T155658.125000Z,2017-04-17 14:00:00,40.1334,-70.7785
561,20170417T141800Z,20170417T155658.125000Z,2017-04-17 15:00:00,40.1334,-70.7785
562,20170417T141800Z,20170417T155658.125000Z,2017-04-17 16:00:00,40.1334,-70.7785
563,20170418T135700Z,20170418T153558.125000Z,2017-04-18 14:00:00,40.1334,-70.7785
564,20170418T135700Z,20170418T153558.125000Z,2017-04-18 15:00:00,40.1334,-70.7785
565,20170419T000300Z,20170419T014458.125000Z,2017-04-19 00:00:00,40.1334,-70.7785
566,20170419T000300Z,20170419T014458.125000Z,2017-04-19 01:00:00,40.1334,-70.7785
567,20170419T004800Z,20170419T023258.125000Z,2017-04-19 02:00:00,40.1334,-70.7785
568,20170419T151500Z,20170419T165658.125000Z,2017-04-19 15:00:00,40.1334,-70.7785
569,20170419T151500Z,20170419T165658.125000Z,2017-04-19 16:00:00,40.1334,-70.7785
570,20170419T151500Z,20170419T165658.125000Z,2017-04-19 17:00:00,40.1334,-70.7785
571,20170419T234200Z,20170420T012358.125000Z,2017-04-20 00:00:00,40.1334,-70.7785
572,20170419T234200Z,20170420T012358.125000Z,2017-04-20 01:00:00,40.1334,-70.7785
573,20170420T140000Z,20170420T154158.125000Z,2017-04-20 14:00:00,40.1334,-70.7785
574,20170420T140000Z,20170420T154158.125000Z,2017-04-20 15:00:00,40.1334,-70.7785
575,20170420T145400Z,20170420T163558.125000Z,2017-04-20 16:00:00,40.1334,-70.7785
576,20170421T010300Z,20170421T024458.125000Z,2017-04-21 01:00:00,40.1334,-70.7785
577,20170421T010300Z,20170421T024458.125000Z,2017-04-21 02:00:00,40.1334,-70.7785
578,20170423T135400Z,20170423T153258.125000Z,2017-04-23 14:00:00,40.1334,-70.7785
579,20170423T135400Z,20170423T153258.125000Z,2017-04-23 15:00:00,40.1334,-70.7785
580,20170423T235700Z,20170424T014158.125000Z,2017-04-24 00:00:00,40.1334,-70.7785
581,20170423T235700Z,20170424T014158.125000Z,2017-04-24 01:00:00,40.1334,-70.7785
582,20170424T004500Z,20170424T022658.125000Z,2017-04-24 02:00:00,40.1334,-70.7785
583,20170424T151200Z,20170424T165058.125000Z,2017-04-24 15:00:00,40.1334,-70.7785
584,20170424T151200Z,20170424T165058.125000Z,2017-04-24 16:00:00,40.1334,-70.7785
585,20170424T233600Z,20170425T012058.125000Z,2017-04-25 00:00:00,40.1334,-70.7785
586,20170424T233600Z,20170425T012058.125000Z,2017-04-25 01:00:00,40.1334,-70.7785
587,20170425T135700Z,20170425T153558.125000Z,2017-04-25 14:00:00,40.1334,-70.7785
588,20170425T145100Z,20170425T163258.125000Z,2017-04-25 16:00:00,40.1334,-70.7785
589,20170426T234200Z,20170427T012358.125000Z,2017-04-27 00:00:00,40.1334,-70.7785
590,20170427T140900Z,20170427T155058.125000Z,2017-04-27 14:00:00,40.1334,-70.7785
591,20170429T141500Z,20170429T155358.125000Z,2017-04-29 14:00:00,40.1334,-70.7785
592,20170430T135400Z,20170430T153258.125000Z,2017-04-30 14:00:00,40.1334,-70.7785
593,20170430T135400Z,20170430T153258.125000Z,2017-04-30 15:00:00,40.1334,-70.7785
594,20170501T000000Z,20170501T014158.125000Z,2017-05-01 00:00:00,40.1334,-70.7785
595,20170501T000000Z,20170501T014158.125000Z,2017-05-01 01:00:00,40.1334,-70.7785
596,20170501T005400Z,20170501T023858.125000Z,2017-05-01 02:00:00,40.1334,-70.7785
597,20170501T233900Z,20170502T012058.125000Z,2017-05-02 00:00:00,40.1334,-70.7785
598,20170502T140600Z,20170502T154758.125000Z,2017-05-02 14:00:00,40.1334,-70.7785
599,20170503T010000Z,20170503T024158.125000Z,2017-05-03 01:00:00,40.1334,-70.7785
600,20170503T010000Z,20170503T024158.125000Z,2017-05-03 02:00:00,40.1334,-70.7785
601,20170503T235100Z,20170504T013258.125000Z,2017-05-04 00:00:00,40.1334,-70.7785
602,20170503T235100Z,20170504T013258.125000Z,2017-05-04 01:00:00,40.1334,-70.7785
603,20170504T141200Z,20170504T155058.125000Z,2017-05-04 15:00:00,40.1334,-70.7785
604,20170504T150600Z,20170504T164458.125000Z,2017-05-04 16:00:00,40.1334,-70.7785
605,20170505T135100Z,20170505T152958.125000Z,2017-05-05 14:00:00,40.1334,-70.7785
606,20170506T150900Z,20170506T165058.125000Z,2017-05-06 16:00:00,40.1334,-70.7785
607,20170507T140300Z,20170507T154158.125000Z,2017-05-07 14:00:00,40.1334,-70.7785
608,20170508T005700Z,20170508T023858.125000Z,2017-05-08 01:00:00,40.1334,-70.7785
609,20170508T005700Z,20170508T023858.125000Z,2017-05-08 02:00:00,40.1334,-70.7785
610,20170508T234800Z,20170509T012958.125000Z,2017-05-09 00:00:00,40.1334,-70.7785
611,20170509T140900Z,20170509T154758.125000Z,2017-05-09 14:00:00,40.1334,-70.7785
612,20170509T140900Z,20170509T154758.125000Z,2017-05-09 15:00:00,40.1334,-70.7785
613,20170510T235100Z,20170511T013558.125000Z,2017-05-11 00:00:00,40.1334,-70.7785
614,20170510T235100Z,20170511T013558.125000Z,2017-05-11 01:00:00,40.1334,-70.7785
615,20170511T004800Z,20170511T022958.125000Z,2017-05-11 02:00:00,40.1334,-70.7785
616,20170511T150600Z,20170511T164458.125000Z,2017-05-11 15:00:00,40.1334,-70.7785
617,20170511T150600Z,20170511T164458.125000Z,2017-05-11 16:00:00,40.1334,-70.7785
618,20170512T140000Z,20170512T153858.125000Z,2017-05-12 14:00:00,40.1334,-70.7785
619,20170512T140000Z,20170512T153858.125000Z,2017-05-12 15:00:00,40.1334,-70.7785
620,20170513T005100Z,20170513T023558.125000Z,2017-05-13 01:00:00,40.1334,-70.7785
621,20170513T005100Z,20170513T023558.125000Z,2017-05-13 02:00:00,40.1334,-70.7785
622,20170514T140300Z,20170514T154458.125000Z,2017-05-14 15:00:00,40.1334,-70.7785
623,20170515T234800Z,20170516T012958.125000Z,2017-05-16 00:00:00,40.1334,-70.7785
624,20170515T234800Z,20170516T012958.125000Z,2017-05-16 01:00:00,40.1334,-70.7785
625,20170516T004500Z,20170516T022658.125000Z,2017-05-16 02:00:00,40.1334,-70.7785
626,20170516T141800Z,20170516T155658.125000Z,2017-05-16 14:00:00,40.1334,-70.7785
627,20170516T141800Z,20170516T155658.125000Z,2017-05-16 15:00:00,40.1334,-70.7785
628,20170516T141800Z,20170516T155658.125000Z,2017-05-16 16:00:00,40.1334,-70.7785
629,20170517T135700Z,20170517T153558.125000Z,2017-05-17 14:00:00,40.1334,-70.7785
630,20170518T000300Z,20170518T014458.125000Z,2017-05-18 01:00:00,40.1334,-70.7785
631,20170518T004800Z,20170518T023258.125000Z,2017-05-18 02:00:00,40.1334,-70.7785
632,20170518T151500Z,20170518T165658.125000Z,2017-05-18 15:00:00,40.1334,-70.7785
633,20170518T151500Z,20170518T165658.125000Z,2017-05-18 16:00:00,40.1334,-70.7785
634,20170518T151500Z,20170518T165658.125000Z,2017-05-18 17:00:00,40.1334,-70.7785
635,20170518T233900Z,20170519T012358.125000Z,2017-05-19 00:00:00,40.1334,-70.7785
636,20170518T233900Z,20170519T012358.125000Z,2017-05-19 01:00:00,40.1334,-70.7785
637,20170519T140000Z,20170519T154158.125000Z,2017-05-19 14:00:00,40.1334,-70.7785
638,20170519T140000Z,20170519T154158.125000Z,2017-05-19 15:00:00,40.1334,-70.7785
639,20170519T145400Z,20170519T163558.125000Z,2017-05-19 16:00:00,40.1334,-70.7785
640,20170520T010300Z,20170520T024458.125000Z,2017-05-20 01:00:00,40.1334,-70.7785
641,20170520T010300Z,20170520T024458.125000Z,2017-05-20 02:00:00,40.1334,-70.7785
642,20170520T234500Z,20170521T012658.125000Z,2017-05-21 00:00:00,40.1334,-70.7785
643,20170520T234500Z,20170521T012658.125000Z,2017-05-21 01:00:00,40.1334,-70.7785
644,20170521T004200Z,20170521T022358.125000Z,2017-05-21 02:00:00,40.1334,-70.7785
645,20170521T141200Z,20170521T155358.125000Z,2017-05-21 14:00:00,40.1334,-70.7785
646,20170521T141200Z,20170521T155358.125000Z,2017-05-21 15:00:00,40.1334,-70.7785
647,20170522T135400Z,20170522T153258.125000Z,2017-05-22 14:00:00,40.1334,-70.7785
648,20170522T135400Z,20170522T153258.125000Z,2017-05-22 15:00:00,40.1334,-70.7785
649,20170522T235700Z,20170523T014158.125000Z,2017-05-23 00:00:00,40.1334,-70.7785
650,20170522T235700Z,20170523T014158.125000Z,2017-05-23 01:00:00,40.1334,-70.7785
651,20170523T004500Z,20170523T022658.125000Z,2017-05-23 02:00:00,40.1334,-70.7785
652,20170523T151200Z,20170523T165058.125000Z,2017-05-23 15:00:00,40.1334,-70.7785
653,20170523T151200Z,20170523T165058.125000Z,2017-05-23 16:00:00,40.1334,-70.7785
654,20170523T233600Z,20170524T012058.125000Z,2017-05-24 00:00:00,40.1334,-70.7785
655,20170524T135700Z,20170524T153558.125000Z,2017-05-24 14:00:00,40.1334,-70.7785
656,20170524T135700Z,20170524T153558.125000Z,2017-05-24 15:00:00,40.1334,-70.7785
657,20170524T145100Z,20170524T162958.125000Z,2017-05-24 16:00:00,40.1334,-70.7785
658,20170525T005700Z,20170525T024158.125000Z,2017-05-25 01:00:00,40.1334,-70.7785
659,20170525T005700Z,20170525T024158.125000Z,2017-05-25 02:00:00,40.1334,-70.7785
660,20170525T234200Z,20170526T012358.125000Z,2017-05-26 00:00:00,40.1334,-70.7785
661,20170525T234200Z,20170526T012358.125000Z,2017-05-26 01:00:00,40.1334,-70.7785
662,20170526T003600Z,20170526T022058.125000Z,2017-05-26 02:00:00,40.1334,-70.7785
663,20170526T140900Z,20170526T155058.125000Z,2017-05-26 14:00:00,40.1334,-70.7785
664,20170526T140900Z,20170526T155058.125000Z,2017-05-26 15:00:00,40.1334,-70.7785
665,20170526T145700Z,20170526T163558.125000Z,2017-05-26 16:00:00,40.1334,-70.7785
666,20170528T150900Z,20170528T164758.125000Z,2017-05-28 15:00:00,40.1334,-70.7785
667,20170528T150900Z,20170528T164758.125000Z,2017-05-28 16:00:00,40.1334,-70.7785
668,20170530T000000Z,20170530T014158.125000Z,2017-05-30 00:00:00,40.1334,-70.7785
669,20170530T000000Z,20170530T014158.125000Z,2017-05-30 01:00:00,40.1334,-70.7785
670,20170530T005400Z,20170530T023858.125000Z,2017-05-30 02:00:00,40.1334,-70.7785
671,20170530T151200Z,20170530T165358.125000Z,2017-05-30 15:00:00,40.1334,-70.7785
672,20170530T151200Z,20170530T165358.125000Z,2017-05-30 16:00:00,40.1334,-70.7785
673,20170530T151200Z,20170530T165358.125000Z,2017-05-30 17:00:00,40.1334,-70.7785
674,20170530T233900Z,20170531T012058.125000Z,2017-05-31 00:00:00,40.1334,-70.7785
675,20170530T233900Z,20170531T012058.125000Z,2017-05-31 01:00:00,40.1334,-70.7785
676,20170531T140600Z,20170531T154458.125000Z,2017-05-31 14:00:00,40.1334,-70.7785
677,20170531T145100Z,20170531T163258.125000Z,2017-05-31 16:00:00,40.1334,-70.7785
678,20170601T010000Z,20170601T024158.125000Z,2017-06-01 01:00:00,40.1334,-70.7785
679,20170601T235100Z,20170602T013258.125000Z,2017-06-02 00:00:00,40.1334,-70.7785
680,20170601T235100Z,20170602T013258.125000Z,2017-06-02 01:00:00,40.1334,-70.7785
681,20170602T003900Z,20170602T022058.125000Z,2017-06-02 02:00:00,40.1334,-70.7785
682,20170602T150600Z,20170602T164458.125000Z,2017-06-02 16:00:00,40.1334,-70.7785
683,20170603T135100Z,20170603T152958.125000Z,2017-06-03 14:00:00,40.1334,-70.7785
684,20170603T135100Z,20170603T152958.125000Z,2017-06-03 15:00:00,40.1334,-70.7785
685,20170603T235700Z,20170604T013858.125000Z,2017-06-04 00:00:00,40.1334,-70.7785
686,20170603T235700Z,20170604T013858.125000Z,2017-06-04 01:00:00,40.1334,-70.7785
687,20170604T005100Z,20170604T023258.125000Z,2017-06-04 02:00:00,40.1334,-70.7785
688,20170604T150900Z,20170604T165058.125000Z,2017-06-04 15:00:00,40.1334,-70.7785
689,20170604T150900Z,20170604T165058.125000Z,2017-06-04 16:00:00,40.1334,-70.7785
690,20170604T233300Z,20170605T011758.125000Z,2017-06-05 00:00:00,40.1334,-70.7785
691,20170604T233300Z,20170605T011758.125000Z,2017-06-05 01:00:00,40.1334,-70.7785
692,20170605T140300Z,20170605T154158.125000Z,2017-06-05 14:00:00,40.1334,-70.7785
693,20170605T140300Z,20170605T154158.125000Z,2017-06-05 15:00:00,40.1334,-70.7785
694,20170605T144800Z,20170605T162958.125000Z,2017-06-05 16:00:00,40.1334,-70.7785
695,20170606T005700Z,20170606T023858.125000Z,2017-06-06 02:00:00,40.1334,-70.7785
696,20170606T234800Z,20170607T012958.125000Z,2017-06-07 00:00:00,40.1334,-70.7785
697,20170606T234800Z,20170607T012958.125000Z,2017-06-07 01:00:00,40.1334,-70.7785
698,20170607T003600Z,20170607T021758.125000Z,2017-06-07 02:00:00,40.1334,-70.7785
699,20170607T140900Z,20170607T154758.125000Z,2017-06-07 14:00:00,40.1334,-70.7785
700,20170607T140900Z,20170607T154758.125000Z,2017-06-07 15:00:00,40.1334,-70.7785
701,20170607T150300Z,20170607T164158.125000Z,2017-06-07 16:00:00,40.1334,-70.7785
702,20170608T235100Z,20170609T013558.125000Z,2017-06-09 00:00:00,40.1334,-70.7785
703,20170608T235100Z,20170609T013558.125000Z,2017-06-09 01:00:00,40.1334,-70.7785
704,20170609T004800Z,20170609T022958.125000Z,2017-06-09 02:00:00,40.1334,-70.7785
